Date Entered,Label,Brand,Engine Number,Status
03/05/2023,new,Honda,AITLTSJUK2,on-hand
03/05/2023,new,Honda,W2UYM0EIRS,on-hand
02/08/2023,old,Honda,IRQACSKUNZ,sold
02/08/2023,old,Honda,Z4NY5JGZZT,sold
02/07/2023,old,Honda,K4KHCQAU41,sold
02/07/2023,old,Honda,PVAWKD51CE,sold
02/06/2023,old,Honda,5Q0EZG7WKB,on-hand
02/06/2023,old,Honda,TY5SU0WPDX,on-hand
02/04/2023,old,Honda,V96GMTFFEI,sold
02/01/2023,old,Honda,95AN3AWVF4,on-hand
02/01/2023,old,Honda,4VBTV8YNM7,sold
02/01/2023,old,Honda,PZCT1S00XE,sold
03/07/2023,new,Kawasaki,392XSUBMUW,on-hand
03/03/2023,new,Kawasaki,LYQVEHJ6IU,sold
03/03/2023,new,Kawasaki,Z46VKPIJBY,sold
03/01/2023,new,Kawasaki,1HCWCVZSX8,sold
02/05/2023,old,Kawasaki,X8G5ZZ7A69,sold
02/05/2023,old,Kawasaki,A8BDL926FA,sold
02/05/2023,old,Kawasaki,4J8UA0FMVY,sold
02/03/2023,old,Kawasaki,483QHIM661,on-hand
03/06/2023,new,Kymco,5I80N9HB7W,sold
03/06/2023,new,Kymco,PWM3MJWPYE,sold
03/06/2023,new,Kymco,MXS36NKV96,sold
03/04/2023,new,Kymco,URWMSQZCBU,sold
02/08/2023,old,Kymco,4M793VVAHI,on-hand
02/07/2023,old,Kymco,NS530HOT9H,sold
02/07/2023,old,Kymco,J8JA99VWZE,sold
02/06/2023,old,Kymco,2ESQRHAXWG,on-hand
02/06/2023,old,Kymco,YUL4UTC4FU,on-hand
02/04/2023,old,Kymco,QMUB6UYLKL,sold
02/03/2023,old,Kymco,0AV7SWGX93,sold
02/03/2023,old,Kymco,SPHA17SSEE,on-hand
03/07/2023,new,Suzuki,LAMH9Y1YD6,on-hand
03/06/2023,new,Suzuki,1R88BOJW8W,on-hand
03/01/2023,new,Suzuki,NO8VW05PU9,on-hand
02/08/2023,old,Suzuki,5N7IQVJ2BA,on-hand
02/07/2023,old,Suzuki,URIA0XXM05,sold
02/06/2023,old,Suzuki,9XUOUOJ2XZ,on-hand
03/07/2023,new,Yamaha,02G7NJCRGS,on-hand
03/06/2023,new,Yamaha,D01JMJL9PG,on-hand
03/05/2023,new,Yamaha,45CNYV7IFF,on-hand
03/04/2023,new,Yamaha,5NGI5UZ8T2,on-hand
03/03/2023,new,Yamaha,BVGQQNMATL,sold
03/01/2023,new,Yamaha,NWIP2MQEIN,sold
02/08/2023,old,Yamaha,DVFUIA0YVB,sold
02/08/2023,old,Yamaha,TMZCTALNDL,sold
02/07/2023,old,Yamaha,IDN93SI4KW,sold
